Öğrenci,Yaş,Bölüm,Matematik,Fizik,Kimya,Not_Ortalamasi
Ali,20,Bilgisayar,70,65,80,71.66666666666667
Ayşe,21,Fizik,60,75,85,73.33333333333333
Mehmet,19,Kimya,80,70,65,71.66666666666667
Zeynep,22,Bilgisayar,90,85,95,90.0
Ahmet,20,Fizik,55,60,70,61.666666666666664
